-- phpMyAdmin SQL Dump
-- version 5.2.0
-- https://www.phpmyadmin.net/
--
-- Host: localhost:8889
-- Generation Time: Jun 03, 2023 at 03:09 PM
-- Server version: 5.7.39
-- PHP Version: 8.2.0

SET SQL_MODE = "NO_AUTO_VALUE_ON_ZERO";
START TRANSACTION;
SET time_zone = "+00:00";


/*!40101 SET @OLD_CHARACTER_SET_CLIENT=@@CHARACTER_SET_CLIENT */;
/*!40101 SET @OLD_CHARACTER_SET_RESULTS=@@CHARACTER_SET_RESULTS */;
/*!40101 SET @OLD_COLLATION_CONNECTION=@@COLLATION_CONNECTION */;
/*!40101 SET NAMES utf8mb4 */;

--
-- Database: `library`
--

--
-- Dumping data for table `book`
--

INSERT INTO `book` (`isbn`, `page_no`, `abstract`, `available_copies`, `image`, `language`, `title`, `publisher`, `school_id`, `reserved_copies`) VALUES
('8781236784503', 542, 'An exhilarating adventure', 7, NULL, 'English', 'The Lost Island', 'HarperCollins', 1, 0),
('8781236784503', 542, 'An exhilarating adventure', 7, NULL, 'English', 'The Lost Island', 'HarperCollins', 2, 7),
('8781236784504', 289, 'A mysterious journey awaits', 6, NULL, 'English', 'Silent Witness', 'Simon & Schuster', 2, 0),
('8781236784504', 289, 'A mysterious journey awaits', 8, NULL, 'English', 'Silent Witness', 'Simon & Schuster', 3, 1),
('8781236784505', 405, 'A tale of love and passion', 1, NULL, 'English', 'Love in the Air', 'Riverhead Books', 1, 0),
('8781236784505', 405, 'A tale of love and passion', 9, NULL, 'English', 'Love in the Air', 'Riverhead Books', 3, 0),
('8781236784506', 176, 'A gripping and thrilling suspense', 7, NULL, 'English', 'Dark Secrets', 'Picador', 1, 4),
('8781236784506', 176, 'A gripping and thrilling suspense', 11, NULL, 'English', 'Dark Secrets', 'Picador', 2, 0),
('8781236784507', 512, 'An epic historical saga', 5, NULL, 'English', 'The Odyssey', 'Penguin Classics', 2, 0),
('8781236784507', 512, 'An epic historical saga', 6, NULL, 'English', 'The Odyssey', 'Penguin Classics', 3, 0),
('8781236784508', 418, 'Enter a magical realm of fantasy', 5, NULL, 'English', 'The Chronicles of Narnia', 'HarperCollins', 1, 0),
('8781236784508', 418, 'Enter a magical realm of fantasy', 8, NULL, 'English', 'The Chronicles of Narnia', 'HarperCollins', 2, 0),
('8781236784509', 328, 'Classic literature that captivates', 8, NULL, 'English', 'Pride and Prejudice', 'Penguin Classics', 1, 0),
('8781236784509', 328, 'Classic literature that captivates', 12, NULL, 'English', 'Pride and Prejudice', 'Penguin Classics', 3, 0),
('8781236784510', 214, 'Una emocionante aventura', 6, NULL, 'Spanish', 'La Isla Perdida', 'HarperCollins', 2, 0),
('8781236784510', 214, 'Una emocionante aventura', 8, NULL, 'Spanish', 'La Isla Perdida', 'HarperCollins', 3, 0),
('8781236784511', 384, 'Un viaje misterioso', 5, NULL, 'Spanish', 'Testigo Silencioso', 'Simon & Schuster', 1, 0),
('8781236784511', 384, 'Un viaje misterioso', 9, NULL, 'Spanish', 'Testigo Silencioso', 'Simon & Schuster', 3, 0),
('8781236784512', 320, 'Una historia de amor y romance', 3, NULL, 'Spanish', 'Amor en el Aire', 'Riverhead Books', 1, 0),
('8781236784512', 320, 'Una historia de amor y romance', 5, NULL, 'Spanish', 'Amor en el Aire', 'Riverhead Books', 2, 0),
('8781236784513', 240, 'Un emocionante thriller', 6, NULL, 'Spanish', 'Secretos Oscuros', 'Picador', 2, 0),
('8781236784513', 240, 'Un emocionante thriller', 8, NULL, 'Spanish', 'Secretos Oscuros', 'Picador', 3, 1),
('8781236784514', 448, 'Una conmovedora historia de vida', 9, NULL, 'Spanish', 'El Diario de un Joven', 'Anchor Books', 3, 0),
('8781236784515', 224, 'Laugh out loud with this humorous tale', 3, NULL, 'English', 'Catch-22', 'Dell Publishing', 1, 0),
('8781236784516', 672, 'An epic historical romance', 7, NULL, 'English', 'Gone with the Wind', 'Scribner', 2, 0),
('8781236784517', 384, 'A fascinating scientific exploration', 8, NULL, 'English', 'The Immortal Life of Henrietta Lacks', 'Broadway Books', 3, 0),
('8781236784518', 336, 'A mind-bending psychological thriller', 7, NULL, 'English', 'Gone Girl', 'Anchor Books', 1, 0),
('8781236784519', 400, 'A thought-provoking contemporary novel', 6, NULL, 'English', 'The Alchemist', 'HarperOne', 2, 0),
('8781236784520', 512, 'A dystopian world of suspense', 10, NULL, 'English', '1984', 'Signet Classics', 3, 0),
('8781236784521', 304, 'Uncover the secrets with this suspenseful journey', 3, NULL, 'English', 'The Da Vinci Code', 'Doubleday', 1, 0),
('8781236784522', 736, 'Embark on a thrilling adventure', 7, NULL, 'English', 'The Hobbit', 'Houghton Mifflin', 2, 0),
('8781236784523', 288, 'Un roman captivant', 8, NULL, 'French', 'L\'Étranger', 'Gallimard', 3, 0),
('8781236784524', 432, 'Une histoire d\'amour inoubliable', 3, NULL, 'French', 'Le Petit Prince', 'Gallimard', 1, 0),
('8781236784525', 360, 'Un voyage épique à travers le temps', 8, NULL, 'French', 'Les Misérables', 'Penguin Classics', 2, 0),
('8781236784526', 496, 'Un roman historique captivant', 9, NULL, 'French', 'Germinal', 'Gallimard', 3, 0),
('8781236784527', 288, 'Una commovente storia di vita', 4, NULL, 'Italian', 'La Vita è Bella', 'Mondadori', 1, 0),
('8781236784528', 336, 'Un romanzo di formazione', 9, NULL, 'Italian', 'Il Gattopardo', 'Mondadori', 2, 0),
('8781236784529', 432, 'Una storia di amicizia e avventura', 8, NULL, 'Italian', 'Le Avventure di Pinocchio', 'Feltrinelli', 3, 0),
('8781236784530', 208, 'Eine aufregende Reise', 6, NULL, 'German', 'Die Verwandlung', 'Fischer Verlag', 1, 1),
('8781236784531', 384, 'Ein packender Krimi', 7, NULL, 'German', 'Der Name der Rose', 'Bastei Lübbe', 2, 0),
('8781236784532', 512, 'Ein historischer Roman voller Intrigen', 8, NULL, 'German', 'Die Päpstin', 'Lübbe', 3, 0),
('8781236784533', 432, 'Uma aventura emocionante', 5, NULL, 'Portuguese', 'A Viagem do Elefante', 'Caminho', 1, 0),
('8781236784534', 320, 'Uma história de amor e superação', 5, NULL, 'Portuguese', 'Memorial do Convento', 'Caminho', 2, 0),
('8781236784535', 416, 'Um clássico da literatura universal', 12, NULL, 'Portuguese', 'Dom Casmurro', 'Companhia das Letras', 3, 0),
('8781236784536', 32, 'Nikos Tests!', 5, NULL, 'Greek', 'Zorbas', 'Norstedts Förlag', 1, 0),
('8781236784537', 368, 'En fängslande deckare', 6, NULL, 'Swedish', 'Häxan', 'Albert Bonniers Förlag', 2, 0),
('8781236784538', 192, 'En roman om kärlek och längtan', 10, NULL, 'Swedish', 'Kvinnan på tåget', 'Natur & Kultur', 3, 0),
('8781236784539', 432, 'Eine bewegende Liebesgeschichte', 3, NULL, 'German', 'Der Vorleser', 'Diogenes Verlag', 1, 0),
('8781236784540', 304, 'Ein philosophischer Roman', 6, NULL, 'German', 'Siddhartha', 'Suhrkamp Verlag', 2, 0),
('8781236784541', 480, 'Ein historischer Roman voller Dramatik', 9, NULL, 'German', 'Der Medicus', 'Bastei Lübbe', 3, 0),
('8781236784542', 352, 'Unavventura mozzafiato', 7, NULL, 'Italian', 'Il Codice Da Vinci', 'Mondadori', 1, 0),
('8781236784543', 416, 'Un romanzo storico ricco di intrighi', 6, NULL, 'Italian', 'I Promessi Sposi', 'Garzanti', 2, 0),
('8781236784544', 288, 'Una storia di amicizia e avventura', 10, NULL, 'Italian', 'Le Cronache di Narnia', 'Mondadori', 3, 0),
('8781236784545', 368, 'Un roman captivant', 1, NULL, 'French', 'Le Comte de Monte-Cristo', 'Le Livre de Poche', 1, 0),
('8781236784546', 416, 'Une histoire d\'amour et de passion', 5, NULL, 'French', 'Les Fleurs du Mal', 'GF Flammarion', 2, 0),
('8781236784547', 352, 'Un roman policier palpitant', 6, NULL, 'French', 'L\'Écume des Jours', 'Gallimard', 3, 0),
('8781236784548', 400, 'Una historia de amor inolvidable', 4, NULL, 'Spanish', 'Cien años de soledad', 'Diana', 1, 0),
('8781236784549', 288, 'Una novela histórica apasionante', 6, NULL, 'Spanish', 'El Capitán Alatriste', 'Alfaguara', 2, 0),
('8781236784550', 432, 'Una obra maestra de la literatura', 10, NULL, 'Spanish', 'Don Quijote de la Mancha', 'Penguin Clásicos', 3, 0),
('8781236784551', 304, 'A captivating coming-of-age story', 7, NULL, 'English', 'The Catcher in the Rye', 'Little, Brown and Company', 1, 0),
('8781236784552', 432, 'A heartwarming tale of family bonds', 7, NULL, 'English', 'To Kill a Mockingbird', 'HarperCollins', 2, 0),
('8781236784553', 256, 'An inspirational self-help book', 8, NULL, 'English', 'The Power of Now', 'New World Library', 3, 1),
('8781236784554', 320, 'Un roman poignant sur l\'amour et la perte', 6, NULL, 'French', 'L\'Amant', 'Minuit', 1, 0),
('8781236784555', 384, 'Un récit historique captivant', 5, NULL, 'French', 'Les Rois Maudits', 'Plon', 2, 0),
('8781236784556', 272, 'Une comédie romantique hilarante', 9, NULL, 'French', 'Le Bonheur des Dames', 'Charpentier', 3, 0),
('8781236784557', 416, 'Una historia de superación personal', 4, NULL, 'Spanish', 'El Alquimista', 'Rayo', 1, 0),
('8781236784558', 288, 'Un clásico de la literatura latinoamericana', 7, NULL, 'Spanish', 'Cien años de soledad', 'Sudamericana', 2, 0),
('8781236784559', 352, 'Una novela épica y emocionante', 8, NULL, 'Spanish', 'El Señor de los Anillos', 'Minotauro', 3, 0),
('8781236784560', 384, 'En spännande kärlekshistoria', 7, NULL, 'Swedish', 'Pippi Långstrump', 'Rabén & Sjögren', 1, 0),
('8781236784561', 208, 'En fantasifull berättelse för barn', 8, NULL, 'Swedish', 'Mio, min Mio', 'Rabén & Sjögren', 2, 0),
('8781236784562', 320, 'En inspirerande självhjälpsbok', 9, NULL, 'Swedish', 'Att vara någon', 'Norstedts', 3, 0),
('8781236784563', 416, 'Un viaggio nel mondo dell\'arte', 5, NULL, 'Italian', 'La Divina Commedia', 'Mondadori', 1, 0),
('8781236784564', 320, 'Una storia di amicizia e avventura', 6, NULL, 'Italian', 'Le Avventure di Tom Sawyer', 'Mondadori', 2, 0),
('8781236784565', 480, 'Una commedia classica intramontabile', 10, NULL, 'Italian', 'La Mandragola', 'Biblioteca Universale Rizzoli', 3, 0),
('8781236784566', 384, 'Ein magisches Abenteuer', 7, NULL, 'German', 'Harry Potter und der Stein der Weisen', 'Carlsen', 1, 0),
('8781236784567', 512, 'Ein packender Thriller', 6, NULL, 'German', 'Das Schweigen der Lämmer', 'Heyne', 2, 0),
('8781236784568', 320, 'Eine herzerwärmende Liebesgeschichte', 9, NULL, 'German', 'Gut gegen Nordwind', 'Rowohlt', 3, 0),
('8781236784569', 352, 'Uma história emocionante sobre família e coragem', 4, NULL, 'Portuguese', 'Ensaio sobre a Cegueira', 'Companhia das Letras', 1, 0),
('8781236784570', 416, 'Um romance histórico cheio de mistério', 5, NULL, 'Portuguese', 'Os Maias', 'Porto Editora', 2, 0),
('8781236784571', 288, 'Uma comédia romântica divertida', 9, NULL, 'Portuguese', 'Bridget Jones\'s Diary', 'Civilização Editora', 3, 0),
('8781236784572', 304, 'A gripping psychological thriller', 6, NULL, 'English', 'Gone Girl', 'Crown Publishing', 1, 0),
('8781236784573', 432, 'A heart-wrenching tale of love and loss', 7, NULL, 'English', 'The Kite Runner', 'Riverhead Books', 2, 0),
('8781236784574', 256, 'A thought-provoking science fiction novel', 8, NULL, 'English', '1984', 'Signet Classics', 3, 0),
('8781236784575', 368, 'Une enquête captivante', 6, NULL, 'French', 'Le Chien des Baskerville', 'Le Livre de Poche', 1, 0),
('8781236784576', 400, 'Un roman historique passionnant', 6, NULL, 'French', 'Au Bonheur des Dames', 'Le Livre de Poche', 2, 0),
('8781236784577', 352, 'Un thriller psychologique haletant', 9, NULL, 'French', 'Les Apparences', 'Le Livre de Poche', 3, 0),
('8781236784578', 416, 'Una novela de suspense trepidante', 4, NULL, 'Spanish', 'La Sombra del Viento', 'Planeta', 1, 0),
('8781236784579', 288, 'Una historia llena de misterio y aventura', 7, NULL, 'Spanish', 'El Código Da Vinci', 'Umbriel', 2, 0),
('8781236784580', 432, 'Una novela histórica épica', 10, NULL, 'Spanish', 'Los Pilares de la Tierra', 'Debolsillo', 3, 0),
('8781236784581', 384, 'En spännande deckarroman', 7, NULL, 'Swedish', 'Män som hatar kvinnor', 'Norstedts Förlag', 1, 0),
('8781236784582', 320, 'En fängslande historisk berättelse', 8, NULL, 'Swedish', 'Victoria', 'Wahlström & Widstrand', 2, 0),
('8781236784583', 432, 'En roman om kärlek och längtan', 9, NULL, 'Swedish', 'Änglamakerskan', 'Forum', 3, 0),
('8781236784584', 384, 'Un romanzo avvincente', 4, NULL, 'Italian', 'Inferno', 'Mondadori', 1, 0),
('8781236784585', 432, 'Una storia di avventura e mistero', 5, NULL, 'Italian', 'La Cattedrale del Mare', 'Mondadori', 2, 0),
('8781236784586', 320, 'Un romanzo commovente sull\'amore e la speranza', 9, NULL, 'Italian', 'La solitudine dei numeri primi', 'Mondadori', 3, 0),
('8781236784587', 416, 'Ein packendes Drama', 4, NULL, 'German', 'Der Vorleser', 'Diogenes', 1, 0),
('8781236784588', 288, 'Ein philosophisches Meisterwerk', 7, NULL, 'German', 'Narziß und Goldmund', 'Suhrkamp', 2, 0),
('8781236784589', 352, 'Ein historischer Roman voller Leidenschaft', 8, NULL, 'German', 'Die Säulen der Erde', 'Bastei Lübbe', 3, 0),
('8781236784590', 320, 'Uma história de amor e suspense', 6, NULL, 'Portuguese', 'Ensaio Sobre a Lucidez', 'Caminho', 1, 0),
('8781236784591', 416, 'Um romance histórico fascinante', 6, NULL, 'Portuguese', 'O Primo Basílio', 'Relógio D\'Água', 2, 0),
('8781236784592', 288, 'Uma história de amizade e aventura', 9, NULL, 'Portuguese', 'As Viagens de Gulliver', 'Relógio DÁgua', 3, 0),
('8781236784593', 304, 'A captivating historical fiction', 7, NULL, 'English', 'The Book Thief', 'Knopf', 1, 0),
('8781236784594', 432, 'A thrilling science fiction adventure', 7, NULL, 'English', 'Ender\'s Game', 'Tor Books', 2, 0),
('8781236784595', 256, 'A poignant tale of resilience', 8, NULL, 'English', 'The Color Purple', 'Harvest Books', 3, 0),
('8781236784596', 368, 'Une histoire d\'amour et de passion', 6, NULL, 'French', 'Madame Bovary', 'Le Livre de Poche', 1, 0),
('8781236784597', 400, 'Un roman policier palpitant', 6, NULL, 'French', 'Le Grand Meaulnes', 'Le Livre de Poche', 2, 0);

--
-- Dumping data for table `borrowing`
--

INSERT INTO `borrowing` (`user_id`, `date_of_borrowing`, `isbn`, `borrow_duration`, `last_update`, `status`, `activation`) VALUES
(1, '2023-05-30', '8781236784503', 1, '2023-06-01 13:21:00', 'returned', 'disabled'),
(1, '2023-06-01', '8781236784503', 1, '2023-06-01 13:21:00', 'returned', 'disabled'),
(1, '2023-05-30', '8781236784505', 1, '2023-06-01 13:29:16', 'returned', 'disabled'),
(1, '2023-06-01', '8781236784508', 1, '2023-06-01 13:21:00', 'returned', 'disabled'),
(1, '2023-06-01', '8781236784533', 1, '2023-06-01 13:29:16', 'active', 'disabled'),
(1, '2023-05-20', '8781236784545', -1, '2023-06-01 13:21:00', 'returned', 'disabled'),
(3, '2023-05-26', '8781236784504', 3, '2023-05-30 14:08:20', 'returned', 'disabled'),
(4, '2023-05-30', '8781236784505', 1, '2023-05-30 16:26:04', 'returned', 'disabled'),
(4, '2023-05-31', '8781236784506', 1, '2023-05-31 10:15:46', 'active', 'disabled'),
(4, '2023-05-20', '8781236784545', -1, '2023-05-28 11:42:41', 'returned', 'disabled'),
(7, '2023-05-15', '8781236784545', -1, '2023-05-25 08:55:51', 'expired', 'disabled'),
(10, '2023-05-15', '8781236784545', -1, '2023-05-25 08:55:51', 'expired', 'disabled'),
(10, '2023-05-20', '8781236784545', -1, '2023-05-28 11:42:41', 'expired', 'disabled'),
(13, '2023-05-15', '8781236784545', -1, '2023-05-25 08:19:29', 'returned', 'disabled'),
(15, '2023-06-01', '8781236784504', 1, '2023-06-01 11:35:41', 'returned', 'disabled'),
(15, '2023-06-01', '8781236784507', 1, '2023-06-01 11:32:44', 'active', 'disabled'),
(45, '2023-05-23', '8781236784503', 6, '2023-05-28 11:42:41', 'active', 'disabled'),
(47, '2023-05-20', '8781236784545', -1, '2023-05-28 11:42:41', 'expired', 'disabled'),
(51, '2023-06-02', '8781236784503', 1, '2023-06-02 12:36:46', 'active', 'disabled'),
(55, '2023-06-02', '8781236784514', 1, '2023-06-02 14:42:12', 'active', 'disabled'),
(57, '2023-05-20', '8781236784545', -1, '2023-05-28 11:42:41', 'expired', 'disabled'),
(57, '2023-05-21', '8781236784548', -1, '2023-05-28 11:42:41', 'expired', 'disabled'),
(58, '2023-05-20', '8781236784546', -1, '2023-05-28 11:42:41', 'expired', 'disabled'),
(59, '2023-05-20', '8781236784547', -1, '2023-05-28 11:42:41', 'expired', 'disabled');

--
-- Dumping data for table `field`
--

INSERT INTO `field` (`field_name`, `isbn`) VALUES
('Fiction', '8781236784503'),
('Sci-Fi', '8781236784503'),
('Science Fiction', '8781236784504'),
('Mystery', '8781236784505'),
('Thriller', '8781236784506'),
('Romance', '8781236784507'),
('Fantasy', '8781236784508'),
('Biography', '8781236784509'),
('History', '8781236784510'),
('Science', '8781236784511'),
('Self-Help', '8781236784512'),
('Business', '8781236784513'),
('Art', '8781236784514'),
('Cooking', '8781236784515'),
('Travel', '8781236784516'),
('Health', '8781236784517'),
('Religion', '8781236784518'),
('Psychology', '8781236784519'),
('Education', '8781236784520'),
('Sports', '8781236784521'),
('Technology', '8781236784522'),
('Philosophy', '8781236784523'),
('Religion', '8781236784524'),
('Technology', '8781236784525'),
('Nature', '8781236784526'),
('Architecture', '8781236784527'),
('Music', '8781236784528'),
('Culture', '8781236784529'),
('Biography', '8781236784530'),
('Politics', '8781236784531'),
('Travel', '8781236784532'),
('Photography', '8781236784533'),
('Business', '8781236784534'),
('Science', '8781236784535'),
('Fiction', '8781236784536'),
('History', '8781236784537'),
('Art', '8781236784538'),
('Self-Help', '8781236784539'),
('Business', '8781236784540'),
('Science', '8781236784541'),
('Fiction', '8781236784542'),
('Travel', '8781236784543'),
('Health', '8781236784544'),
('Religion', '8781236784545'),
('Psychology', '8781236784546'),
('Business', '8781236784547'),
('Art', '8781236784548'),
('Technology', '8781236784549'),
('Health', '8781236784550'),
('Technology', '8781236784551'),
('History', '8781236784552'),
('Psychology', '8781236784553'),
('Art', '8781236784554'),
('Travel', '8781236784555'),
('Science', '8781236784556'),
('Fiction', '8781236784557'),
('Business', '8781236784558'),
('Self-Help', '8781236784559'),
('Religion', '8781236784560'),
('Sports', '8781236784561'),
('History', '8781236784562'),
('Technology', '8781236784563'),
('Nature', '8781236784564'),
('Music', '8781236784565'),
('Art', '8781236784566'),
('Philosophy', '8781236784567'),
('Psychology', '8781236784568'),
('Travel', '8781236784570'),
('Cooking', '8781236784571'),
('Health', '8781236784572'),
('Sports', '8781236784573'),
('Education', '8781236784574'),
('History', '8781236784575'),
('Psychology', '8781236784576'),
('Religion', '8781236784577'),
('Technology', '8781236784578'),
('Art', '8781236784579'),
('Business', '8781236784580'),
('Science', '8781236784581'),
('Fiction', '8781236784582'),
('Travel', '8781236784583'),
('Self-Help', '8781236784584'),
('Religion', '8781236784585'),
('Sports', '8781236784586'),
('History', '8781236784587'),
('Technology', '8781236784588'),
('Nature', '8781236784589'),
('Music', '8781236784590'),
('Art', '8781236784591'),
('Philosophy', '8781236784592'),
('Psychology', '8781236784593'),
('Religion', '8781236784594'),
('Technology', '8781236784595'),
('Art', '8781236784596'),
('Science', '8781236784597');

--
-- Dumping data for table `key_word`
--

INSERT INTO `key_word` (`word`, `isbn`) VALUES
('fiction', '8781236784503'),
('novel', '8781236784503'),
('biography', '8781236784504'),
('non-fiction', '8781236784504'),
('mystery', '8781236784505'),
('thriller', '8781236784505'),
('love', '8781236784506'),
('romance', '8781236784506'),
('history', '8781236784507'),
('war', '8781236784507'),
('science', '8781236784508'),
('technology', '8781236784508'),
('adventure', '8781236784509'),
('fantasy', '8781236784509'),
('motivation', '8781236784510'),
('self-help', '8781236784510'),
('comedy', '8781236784511'),
('humor', '8781236784511'),
('drama', '8781236784512'),
('tragedy', '8781236784512'),
('art', '8781236784513'),
('painting', '8781236784513'),
('poetry', '8781236784514'),
('verse', '8781236784514'),
('business', '8781236784515'),
('finance', '8781236784515'),
('mind', '8781236784516'),
('psychology', '8781236784516'),
('philosophy', '8781236784517'),
('wisdom', '8781236784517'),
('adventure', '8781236784518'),
('travel', '8781236784518'),
('cooking', '8781236784519'),
('recipes', '8781236784519'),
('health', '8781236784520'),
('wellness', '8781236784520'),
('fitness', '8781236784521'),
('sports', '8781236784521'),
('education', '8781236784522'),
('learning', '8781236784522'),
('future', '8781236784523'),
('science fiction', '8781236784523'),
('religion', '8781236784524'),
('spirituality', '8781236784524'),
('innovation', '8781236784525'),
('technology', '8781236784525'),
('environment', '8781236784526'),
('nature', '8781236784526'),
('architecture', '8781236784527'),
('design', '8781236784527'),
('melody', '8781236784528'),
('music', '8781236784528'),
('culture', '8781236784529'),
('society', '8781236784529'),
('autobiography', '8781236784530'),
('biography', '8781236784530'),
('government', '8781236784531'),
('politics', '8781236784531'),
('explore', '8781236784532'),
('travel', '8781236784532'),
('images', '8781236784533'),
('photography', '8781236784533'),
('business', '8781236784534'),
('entrepreneurship', '8781236784534'),
('health', '8781236784535'),
('nutrition', '8781236784535'),
('discoveries', '8781236784536'),
('science', '8781236784536'),
('historical', '8781236784537'),
('history', '8781236784537'),
('behavior', '8781236784538'),
('psychology', '8781236784538'),
('art', '8781236784539'),
('creativity', '8781236784539'),
('education', '8781236784540'),
('teaching', '8781236784540'),
('inspiration', '8781236784541'),
('self-help', '8781236784541'),
('faith', '8781236784542'),
('religion', '8781236784542'),
('competition', '8781236784543'),
('sports', '8781236784543'),
('harmony', '8781236784544'),
('music', '8781236784544'),
('cooking', '8781236784545'),
('culinary', '8781236784545'),
('science fiction', '8781236784546'),
('space', '8781236784546'),
('fantasy', '8781236784547'),
('magic', '8781236784547'),
('poetry', '8781236784548'),
('rhyme', '8781236784548'),
('business', '8781236784549'),
('leadership', '8781236784549'),
('health', '8781236784550'),
('well-being', '8781236784550'),
('digital', '8781236784551'),
('technology', '8781236784551'),
('culture', '8781236784552'),
('history', '8781236784552'),
('mindset', '8781236784553'),
('psychology', '8781236784553'),
('art', '8781236784554'),
('sculpture', '8781236784554'),
('journey', '8781236784555'),
('travel', '8781236784555'),
('experiment', '8781236784556'),
('science', '8781236784556'),
('fiction', '8781236784557'),
('story', '8781236784557'),
('business', '8781236784558'),
('finance', '8781236784558'),
('growth', '8781236784559'),
('self-help', '8781236784559'),
('religion', '8781236784560'),
('spirituality', '8781236784560'),
('athletics', '8781236784561'),
('sports', '8781236784561'),
('history', '8781236784562'),
('war', '8781236784562'),
('innovation', '8781236784563'),
('technology', '8781236784563'),
('nature', '8781236784564'),
('wildlife', '8781236784564'),
('music', '8781236784565'),
('rhythm', '8781236784565'),
('art', '8781236784566'),
('painting', '8781236784566'),
('philosophy', '8781236784567'),
('wisdom', '8781236784567'),
('behavior', '8781236784568'),
('psychology', '8781236784568'),
('future', '8781236784569'),
('science fiction', '8781236784569'),
('adventure', '8781236784570'),
('travel', '8781236784570'),
('cooking', '8781236784571'),
('recipes', '8781236784571'),
('health', '8781236784572'),
('nutrition', '8781236784572'),
('fitness', '8781236784573'),
('sports', '8781236784573'),
('education', '8781236784574'),
('learning', '8781236784574'),
('historical', '8781236784575'),
('history', '8781236784575'),
('mind', '8781236784576'),
('psychology', '8781236784576'),
('faith', '8781236784577'),
('religion', '8781236784577'),
('digital', '8781236784578'),
('technology', '8781236784578'),
('art', '8781236784579'),
('sculpture', '8781236784579'),
('business', '8781236784580'),
('entrepreneurship', '8781236784580'),
('discoveries', '8781236784581'),
('science', '8781236784581'),
('fiction', '8781236784582'),
('story', '8781236784582'),
('journey', '8781236784583'),
('travel', '8781236784583'),
('motivation', '8781236784584'),
('self-help', '8781236784584'),
('religion', '8781236784585'),
('spirituality', '8781236784585'),
('athletics', '8781236784586'),
('sports', '8781236784586'),
('history', '8781236784587'),
('war', '8781236784587'),
('innovation', '8781236784588'),
('technology', '8781236784588'),
('nature', '8781236784589'),
('wildlife', '8781236784589'),
('music', '8781236784590'),
('rhythm', '8781236784590'),
('art', '8781236784591'),
('painting', '8781236784591'),
('philosophy', '8781236784592'),
('wisdom', '8781236784592'),
('behavior', '8781236784593'),
('psychology', '8781236784593'),
('faith', '8781236784594'),
('religion', '8781236784594'),
('digital', '8781236784595'),
('technology', '8781236784595'),
('art', '8781236784596'),
('sculpture', '8781236784596'),
('discoveries', '8781236784597'),
('science', '8781236784597');

--
-- Dumping data for table `reservation`
--

INSERT INTO `reservation` (`user_id`, `date_of_reservation`, `isbn`, `last_update`, `expire_date`, `activation`) VALUES
(4, '2023-05-30', '8781236784506', '2023-06-01 13:35:50', '2023-06-06', 'enabled'),
(15, '2023-06-01', '8781236784513', '2023-06-01 11:36:03', '2023-06-08', 'disabled'),
(15, '2023-06-01', '8781236784553', '2023-06-01 11:35:54', '2023-06-08', 'disabled'),
(16, '2023-06-01', '8781236784530', '2023-06-01 11:38:24', '2023-06-08', 'disabled');

--
-- Dumping data for table `review`
--

INSERT INTO `review` (`user_id`, `review_text`, `isbn`, `likert`, `last_update`) VALUES
(1, 'Great book!', '8781236784503', 5, '2023-05-22 14:45:27'),
(1, 'Interesting read', '8781236784504', 4, '2023-05-22 14:45:27'),
(1, 'Nice book!', '8781236784505', 4, '2023-06-02 10:38:21'),
(1, 'Great', '8781236784506', 4, '2023-06-02 10:41:36'),
(2, 'Loved it!', '8781236784503', 4, '2023-05-22 14:45:27'),
(2, 'Not my cup of tea', '8781236784504', 2, '2023-05-22 14:45:27'),
(3, 'Could be better', '8781236784503', 3, '2023-05-22 14:45:27'),
(3, 'Highly recommended', '8781236784504', 5, '2023-05-22 14:45:27'),
(4, 'Page-turner', '8781236784505', 5, '2023-05-22 14:45:27'),
(5, 'Average book', '8781236784505', 3, '2023-05-22 14:45:27'),
(6, 'Disappointing', '8781236784505', 2, '2023-05-22 14:45:27'),
(7, 'Must-read!', '8781236784506', 5, '2023-05-22 14:45:27'),
(8, 'Enjoyable', '8781236784506', 4, '2023-05-22 14:45:27'),
(9, 'Waste of time', '8781236784506', 1, '2023-05-22 14:45:27'),
(10, 'Well-written', '8781236784507', 4, '2023-05-22 14:45:27'),
(11, 'Thought-provoking', '8781236784507', 5, '2023-05-22 14:45:27'),
(12, 'Not recommended', '8781236784507', 2, '2023-05-22 14:45:27'),
(13, 'Captivating story', '8781236784508', 5, '2023-05-22 14:45:27'),
(14, 'Decent book', '8781236784508', 3, '2023-05-22 14:45:27'),
(15, 'Couldn not put it down!', '8781236784508', 5, '2023-05-22 14:45:27'),
(16, 'Intriguing plot', '8781236784509', 4, '2023-05-22 14:45:27'),
(17, 'Meh', '8781236784509', 2, '2023-05-22 14:45:27'),
(18, 'Good read', '8781236784509', 3, '2023-05-22 14:45:27'),
(19, 'Unforgettable', '8781236784510', 5, '2023-05-22 14:45:27'),
(20, 'Mediocre at best', '8781236784510', 3, '2023-05-22 14:45:27'),
(21, 'Not my genre', '8781236784510', 2, '2023-05-22 14:45:27'),
(22, 'Engaging characters', '8781236784511', 4, '2023-05-22 14:45:27'),
(23, 'Did not meet my expectations', '8781236784511', 2, '2023-05-22 14:45:27'),
(24, 'Highly entertaining', '8781236784511', 5, '2023-05-22 14:45:27'),
(25, 'Compelling narrative', '8781236784512', 5, '2023-05-22 14:45:27'),
(26, 'A bit slow-paced', '8781236784512', 3, '2023-05-22 14:45:27'),
(27, 'Gripping till the end', '8781236784512', 4, '2023-05-22 14:45:27'),
(28, 'Couldn not get into it', '8781236784513', 2, '2023-05-22 14:45:27'),
(29, 'Well-crafted story', '8781236784513', 4, '2023-05-22 14:45:27'),
(30, 'Disappointed', '8781236784513', 2, '2023-05-22 14:45:27'),
(31, 'A masterpiece', '8781236784514', 5, '2023-05-22 14:45:27'),
(32, 'Not worth the hype', '8781236784514', 3, '2023-05-22 14:45:27'),
(33, 'Couldn not stop reading', '8781236784514', 5, '2023-05-22 14:45:27'),
(34, 'Unexpected twist', '8781236784515', 4, '2023-05-22 14:45:27'),
(35, 'Didn not enjoy it', '8781236784515', 2, '2023-05-22 14:45:27'),
(36, 'Good book for a rainy day', '8781236784515', 3, '2023-05-22 14:45:27'),
(37, 'Riveting', '8781236784516', 5, '2023-05-22 14:45:27'),
(38, 'Just okay', '8781236784516', 3, '2023-05-22 14:45:27'),
(39, 'A letdown', '8781236784516', 2, '2023-05-22 14:45:27'),
(40, 'Highly recommended', '8781236784517', 5, '2023-05-22 14:45:27'),
(41, 'Enjoyed it!', '8781236784517', 4, '2023-05-22 14:45:27'),
(42, 'Couldn not get into the story', '8781236784517', 2, '2023-05-22 14:45:27'),
(43, 'Could not put it down!', '8781236784518', 5, '2023-05-22 14:45:27'),
(44, 'Average read', '8781236784518', 3, '2023-05-22 14:45:27'),
(45, 'Disappointing ending', '8781236784518', 2, '2023-05-22 14:45:27'),
(46, 'Engrossing', '8781236784519', 4, '2023-05-22 14:45:27'),
(47, 'Not for me', '8781236784519', 2, '2023-05-22 14:45:27'),
(48, 'Well-written', '8781236784519', 4, '2023-05-22 14:45:27'),
(49, 'Could not stop reading', '8781236784520', 5, '2023-05-22 14:45:27'),
(50, 'Underwhelming', '8781236784520', 2, '2023-05-22 14:45:27'),
(51, 'Interesting premise', '8781236784520', 4, '2023-05-22 14:45:27'),
(52, 'Captivating', '8781236784521', 5, '2023-05-22 14:45:27'),
(53, 'Did not like it', '8781236784521', 2, '2023-05-22 14:45:27'),
(54, 'Well worth the read', '8781236784521', 4, '2023-05-22 14:45:27'),
(55, 'Fantastic book!', '8781236784522', 5, '2023-05-22 14:45:27');

--
-- Dumping data for table `school`
--

INSERT INTO `school` (`school_id`, `school_name`, `mail_address`, `city`, `phone`, `email`, `principal_name`) VALUES
(1, 'paideia', 'soutsou 35', 'athens', '2102815535', 'paideia@mail.com', 'afstiros'),
(2, 'ipomoni', 'avgis 12', 'peiraias', '2102867867', 'ipomoni@mail.com', 'iremos'),
(3, 'kalosini', 'komninou 24', 'thessaloniki', '2102889098', 'kalosini@mail.com', 'xalaros');

--
-- Dumping data for table `user`
--

INSERT INTO `user` (`user_id`, `username`, `password`, `role_id`, `controller_name`, `borrowed_books`, `school_id`, `last_login`, `reserved_copies`, `date_of_birth`, `first_name`, `last_name`, `status`) VALUES
(1, 'johnsmith', '123', 4, NULL, 6, 1, '2023-06-02 15:57:58', 2, NULL, 'John', 'Smith', 'enabled'),
(2, 'alicejones', 'alicepass', 4, NULL, 0, 2, '2023-06-02 15:54:09', 0, NULL, 'Alice', 'Jones', 'enabled'),
(3, 'mikesullivan', 'sullivanpass', 4, NULL, 1, 3, '2023-06-02 15:54:09', 0, NULL, 'Mike', 'Sullivan', 'enabled'),
(4, 'sarahwilson', 'wilsonpass', 4, NULL, 1, 1, '2023-06-02 15:54:09', 2, NULL, 'Sarah', 'Wilson', 'enabled'),
(5, 'davidthompson', 'thompsonpass', 4, NULL, 0, 2, '2023-06-02 15:54:09', 0, NULL, 'David', 'Thompson', 'enabled'),
(6, 'emilyharris', 'harrispass', 4, NULL, 0, 3, '2023-06-02 15:54:09', 0, NULL, 'Emily', 'Harris', 'enabled'),
(7, 'michaelbrown', 'brownpass', 4, NULL, 1, 1, '2023-06-02 15:54:09', 0, NULL, 'Michael', 'Brown', 'enabled'),
(8, 'jessicawilson', 'wilsonpass', 4, NULL, 0, 2, '2023-06-02 15:54:09', 0, NULL, 'Jessica', 'Wilson', 'enabled'),
(9, 'alexandermartin', 'martinpass', 4, NULL, 0, 3, '2023-06-02 15:54:09', 0, NULL, 'Alexander', 'Martin', 'enabled'),
(10, 'lauradavis', 'davispass', 4, NULL, 2, 1, '2023-06-02 15:54:09', 0, NULL, 'Laura', 'Davis', 'enabled'),
(11, 'danielmoore', 'moorepass', 4, NULL, 0, 2, '2023-06-02 15:54:09', 0, NULL, 'Daniel', 'Moore', 'enabled'),
(12, 'oliviaclark', 'clarkpass', 4, NULL, 0, 3, '2023-06-02 15:54:09', 0, NULL, 'Olivia', 'Clark', 'enabled'),
(13, 'jacksonrodriguez', 'rodriguezpass', 4, NULL, 1, 1, '2023-06-02 15:54:09', 0, NULL, 'Jackson', 'Rodriguez', 'enabled'),
(14, 'sophialee', 'leepass', 4, NULL, 0, 2, '2023-06-02 15:54:09', 0, NULL, 'Sophia', 'Lee', 'enabled'),
(15, 'ethanmartinez', 'martinezpass', 4, NULL, 1, 3, '2023-06-02 15:54:09', 2, NULL, 'Ethan', 'Martinez', 'enabled'),
(16, 'emilylopez', 'lopezpass', 4, NULL, 0, 1, '2023-06-02 15:54:09', 1, NULL, 'Emily', 'Lopez', 'enabled'),
(17, 'jaydenhernandez', 'hernandezpass', 4, NULL, 0, 2, '2023-06-02 15:54:09', 0, NULL, 'Jayden', 'Hernandez', 'enabled'),
(18, 'ameliajohnson', 'johnsonpass', 4, NULL, 0, 3, '2023-06-02 15:54:09', 0, NULL, 'Amelia', 'Johnson', 'enabled'),
(19, 'williamtaylor', 'taylorpass', 4, NULL, 0, 1, '2023-06-02 15:54:09', 0, NULL, 'William', 'Taylor', 'enabled'),
(20, 'chloewilson', 'wilsonpass', 4, NULL, 0, 2, '2023-06-02 15:54:09', 0, NULL, 'Chloe', 'Wilson', 'enabled'),
(21, 'noahrodriguez', 'rodriguezpass', 4, NULL, 0, 3, '2023-06-02 15:54:09', 0, NULL, 'Henry', 'Anderson', 'enabled'),
(22, 'sophiamartinez', 'martinezpass', 4, NULL, 0, 1, '2023-06-02 15:54:09', 0, NULL, 'Oliver', 'Brown', 'enabled'),
(23, 'liamlopez', 'lopezpass', 4, NULL, 0, 2, '2023-06-02 15:54:09', 0, NULL, 'Emily', 'Thomas', 'enabled'),
(24, 'isabellaharris', 'harrispass', 4, NULL, 0, 3, '2023-06-02 15:54:09', 0, NULL, 'Mia', 'Hernandez', 'enabled'),
(25, 'aidenbrown', 'brownpass', 4, NULL, 0, 1, '2023-06-02 15:54:09', 0, NULL, 'Liam', 'Smith', 'enabled'),
(26, 'miamartin', 'martinpass', 4, NULL, 0, 2, '2023-06-02 15:54:09', 0, NULL, 'Scarlett', 'Wilson', 'enabled'),
(27, 'lucasdavis', 'davispass', 4, NULL, 0, 3, '2023-06-02 15:54:09', 0, NULL, 'Alexander', 'Martinez', 'enabled'),
(28, 'charlottejackson', 'jacksonpass', 4, NULL, 0, 1, '2023-06-02 15:54:09', 0, NULL, 'Charlotte', 'Jackson', 'enabled'),
(29, 'benjaminnelson', 'nelsonpass', 4, NULL, 0, 2, '2023-06-02 15:54:09', 0, NULL, 'Benjamin', 'Nelson', 'enabled'),
(30, 'harperdiaz', 'diazpass', 4, NULL, 0, 3, '2023-06-02 15:54:09', 0, NULL, 'Harper', 'Diaz', 'enabled'),
(31, 'matthewthomas', 'thomaspass', 4, NULL, 0, 1, '2023-06-02 15:54:09', 0, NULL, 'Matthew', 'Thomas', 'enabled'),
(32, 'victoriawalker', 'walkerpass', 4, NULL, 0, 2, '2023-06-02 15:54:09', 0, NULL, 'Victoria', 'Walker', 'enabled'),
(33, 'aidenmitchell', 'mitchellpass', 4, NULL, 0, 3, '2023-06-02 15:54:09', 0, NULL, NULL, NULL, 'enabled'),
(34, 'abigailrobinson', 'robinsonpass', 4, NULL, 0, 1, '2023-06-02 15:54:09', 0, NULL, NULL, NULL, 'enabled'),
(35, 'jacobyoung', 'youngpass', 4, NULL, 0, 2, '2023-06-02 15:54:09', 0, NULL, NULL, NULL, 'enabled'),
(36, 'emmawilson', 'wilsonpass', 4, NULL, 0, 3, '2023-06-02 15:54:09', 0, NULL, NULL, NULL, 'enabled'),
(37, 'jaydenbrown', 'brownpass', 4, NULL, 0, 1, '2023-06-02 15:54:09', 0, NULL, NULL, NULL, 'enabled'),
(38, 'oliviawilliams', 'williamspass', 4, NULL, 0, 2, '2023-06-02 15:54:09', 0, NULL, NULL, NULL, 'enabled'),
(39, 'johntaylor', 'taylorpass', 4, NULL, 0, 3, '2023-06-02 15:54:09', 0, NULL, NULL, NULL, 'enabled'),
(40, 'sophiawhite', 'whitepass', 4, NULL, 0, 1, '2023-06-02 15:54:09', 0, NULL, NULL, NULL, 'enabled'),
(41, 'gracewilson', '123', 3, NULL, 0, 2, '2023-06-03 07:24:23', 0, '1970-01-01', 'Gracie', 'Wilson', 'enabled'),
(42, 'andrewthompson', 'thompsonpass', 3, NULL, 0, 1, '2023-06-02 15:54:09', 0, '1971-01-01', NULL, NULL, 'enabled'),
(43, 'victoriamartin', 'martinpass', 3, NULL, 0, 3, '2023-06-02 15:54:09', 0, '1972-01-01', NULL, NULL, 'enabled'),
(44, 'jacoblopez', 'lopezpass', 3, NULL, 0, 1, '2023-06-02 15:54:09', 0, '1973-01-01', NULL, NULL, 'enabled'),
(45, 'mariaharris', 'harrispass', 3, NULL, 1, 2, '2023-06-02 15:54:09', 0, '1974-01-01', NULL, NULL, 'enabled'),
(46, 'danielmiller', 'millerpass', 3, NULL, 0, 3, '2023-06-02 15:54:09', 0, '1975-01-01', NULL, NULL, 'enabled'),
(47, 'sophiacarter', 'carterpass', 3, NULL, 1, 1, '2023-06-02 15:54:09', 0, '1976-01-01', NULL, NULL, 'enabled'),
(48, 'ethanjones', 'jonespass', 3, NULL, 0, 2, '2023-06-02 15:54:09', 0, '1977-01-01', NULL, NULL, 'enabled'),
(49, 'oliviamartinez', 'martinezpass', 3, NULL, 0, 3, '2023-06-02 15:54:09', 0, '1978-01-01', NULL, NULL, 'enabled'),
(50, 'liamdavis', 'davispass', 3, NULL, 0, 1, '2023-06-02 15:54:09', 0, '1979-01-01', NULL, NULL, 'enabled'),
(51, 'avaadams', 'adamspass', 3, NULL, 1, 2, '2023-06-02 15:54:09', 0, '1980-01-01', NULL, NULL, 'enabled'),
(52, 'noahcruz', 'cruzpass', 3, NULL, 0, 3, '2023-06-02 15:54:09', 0, '1981-01-01', NULL, NULL, 'enabled'),
(53, 'isabellaevans', 'evanspass', 3, NULL, 0, 1, '2023-06-02 15:54:09', 0, '1982-01-01', NULL, NULL, 'enabled'),
(54, 'aidenparker', 'parkerpass', 3, NULL, 0, 2, '2023-06-02 15:54:09', 0, '1983-01-01', NULL, NULL, 'enabled'),
(55, 'sophiawright', 'wrightpass', 3, NULL, 1, 3, '2023-06-02 15:54:09', 0, '1984-01-01', NULL, NULL, 'enabled'),
(56, 'bobmarley', 'marleypass', 1, NULL, 0, NULL, '2023-06-02 15:54:09', 0, NULL, NULL, NULL, 'enabled'),
(57, 'johndoe', 'doepass', 2, 'doe', 2, 1, '2023-06-03 11:55:28', 0, NULL, NULL, NULL, 'enabled'),
(58, 'janedonte', 'janepass', 2, 'donte', 1, 2, '2023-06-02 15:54:09', 0, NULL, NULL, NULL, 'enabled'),
(59, 'marksmith', 'smithpass', 2, 'smith', 1, 3, '2023-06-02 15:54:09', 0, NULL, NULL, NULL, 'enabled'),
(63, 'nikos', '1', 4, NULL, 0, 2, '2023-06-02 15:54:09', 0, '2023-05-03', NULL, NULL, 'enabled'),
(66, 'geovarv', 'varvpass', 4, NULL, 0, 2, '2023-06-02 15:54:09', 0, '2023-05-04', 'giorgos', 'varveris', 'enabled');

--
-- Dumping data for table `writer`
--

INSERT INTO `writer` (`last_name`, `first_name`, `isbn`) VALUES
('Smith', 'John', '8781236784503'),
('Johnson', 'Emily', '8781236784504'),
('Williams', 'Michael', '8781236784505'),
('Brown', 'Jessica', '8781236784506'),
('Jones', 'David', '8781236784507'),
('Davis', 'Sophia', '8781236784508'),
('Miller', 'Matthew', '8781236784509'),
('Wilson', 'Olivia', '8781236784510'),
('Moore', 'Andrew', '8781236784511'),
('Davis', 'Noah', '8781236784511'),
('Taylor', 'Ava', '8781236784512'),
('Anderson', 'Daniel', '8781236784513'),
('Adams', 'Gabriel', '8781236784513'),
('Thomas', 'Sofia', '8781236784514'),
('Jackson', 'Joseph', '8781236784515'),
('White', 'Charlotte', '8781236784516'),
('Harris', 'William', '8781236784517'),
('Martin', 'Madison', '8781236784518'),
('Thompson', 'Ethan', '8781236784519'),
('Garcia', 'Emma', '8781236784520'),
('Martinez', 'James', '8781236784521'),
('Robinson', 'Amelia', '8781236784522'),
('Clark', 'Benjamin', '8781236784523'),
('Rodriguez', 'Mia', '8781236784524'),
('Lewis', 'Logan', '8781236784525'),
('Miller', 'Sophia', '8781236784525'),
('Lee', 'Abigail', '8781236784526'),
('Walker', 'Jacob', '8781236784527'),
('Hall', 'Elizabeth', '8781236784528'),
('Allen', 'Henry', '8781236784529'),
('Young', 'Ella', '8781236784530'),
('Lopez', 'Alexander', '8781236784531'),
('Green', 'Chloe', '8781236784532'),
('Adams', 'Gabriel', '8781236784533'),
('Adams', 'Sebastian', '8781236784533'),
('Nelson', 'Grace', '8781236784534'),
('Carter', 'Ryan', '8781236784535'),
('Perez', 'Lily', '8781236784536'),
('Turner', 'Gabriel', '8781236784537'),
('Collins', 'Zoe', '8781236784538'),
('Ward', 'Samuel', '8781236784539'),
('Baker', 'Avery', '8781236784540'),
('Bell', 'Sophie', '8781236784541'),
('Murphy', 'Jackson', '8781236784542'),
('Rivera', 'Harper', '8781236784543'),
('Cook', 'Levi', '8781236784544'),
('Rogers', 'Addison', '8781236784545'),
('Wilson', 'Jackson', '8781236784545'),
('Morgan', 'Natalie', '8781236784546'),
('Peterson', 'Jack', '8781236784547'),
('Cooper', 'Aria', '8781236784548'),
('Reed', 'Jason', '8781236784549'),
('Bailey', 'Brooklyn', '8781236784550'),
('Sanders', 'Nicholas', '8781236784551'),
('Price', 'Samantha', '8781236784552'),
('Howard', 'Elijah', '8781236784553'),
('Long', 'Hannah', '8781236784554'),
('Simmons', 'Caleb', '8781236784555'),
('Foster', 'Layla', '8781236784556'),
('Torres', 'Isaac', '8781236784557'),
('Smith', 'Mia', '8781236784557'),
('Gray', 'Scarlett', '8781236784558'),
('Ramirez', 'Victoria', '8781236784559'),
('Williams', 'Emma', '8781236784560'),
('Adams', 'Gabriel', '8781236784560'),
('James', 'Wyatt', '8781236784560'),
('Watson', 'Madelyn', '8781236784561'),
('Brooks', 'Christian', '8781236784562'),
('Bennett', 'Evelyn', '8781236784563'),
('Hill', 'Owen', '8781236784564'),
('Sullivan', 'Lillian', '8781236784565'),
('Wallace', 'Luke', '8781236784566'),
('Coleman', 'Aubrey', '8781236784567'),
('Jones', 'Ava', '8781236784567'),
('West', 'Isaiah', '8781236784568'),
('Morris', 'Stella', '8781236784569'),
('Adams', 'Gabriel', '8781236784570'),
('Turner', 'Zoe', '8781236784571'),
('Collins', 'Elijah', '8781236784572'),
('Johnson', 'Liam', '8781236784572'),
('Ward', 'Leah', '8781236784573'),
('Adams', 'Gabriel', '8781236784574'),
('Baker', 'Julian', '8781236784574'),
('Bell', 'Sarah', '8781236784575'),
('Murphy', 'Adam', '8781236784576'),
('Rivera', 'Audrey', '8781236784577'),
('Wilson', 'Elijah', '8781236784578'),
('Cook', 'Nathan', '8781236784578'),
('Rogers', 'Avery', '8781236784579'),
('Morgan', 'Bella', '8781236784580'),
('Peterson', 'Carter', '8781236784581'),
('Cooper', 'Savannah', '8781236784582'),
('Reed', 'Hunter', '8781236784583'),
('Brown', 'Oliver', '8781236784583'),
('Bailey', 'Lillian', '8781236784584'),
('Sanders', 'Ian', '8781236784585'),
('Price', 'Genesis', '8781236784586'),
('Howard', 'Christopher', '8781236784587'),
('Long', 'Layla', '8781236784588'),
('Simmons', 'Charles', '8781236784589'),
('Foster', 'Hazel', '8781236784590'),
('Torres', 'Joshua', '8781236784591'),
('Moore', 'Aria', '8781236784592'),
('Gray', 'Nova', '8781236784592'),
('Ramirez', 'Emma', '8781236784593'),
('James', 'Andrew', '8781236784594'),
('Watson', 'Ava', '8781236784595'),
('Brooks', 'Joseph', '8781236784596'),
('Bennett', 'Scarlett', '8781236784597');
COMMIT;

/*!40101 SET CHARACTER_SET_CLIENT=@OLD_CHARACTER_SET_CLIENT */;
/*!40101 SET CHARACTER_SET_RESULTS=@OLD_CHARACTER_SET_RESULTS */;
/*!40101 SET COLLATION_CONNECTION=@OLD_COLLATION_CONNECTION */;
